{
	"schemaVersion": 1,
	"id": "decobeacons",
	"version": "${version}",
	"name": "DecoBeacons",
	"description": "This is an example description! Tell everyone what your mod is about!",
	"authors": [
		"Me!"
	],
	"contact": {
		"homepage": "https://fabricmc.net/",
		"sources": "https://github.com/FabricMC/fabric-example-mod"
	},
	"license": "CC0-1.0",
	"icon": "assets/decobeacons/icon.png",
	"environment": "*",
	"entrypoints": {
		"main": [
			"net.phoboss.DecoBeacons"
		]
	},
	"mixins": [
		"decobeacons.mixins.json"
	],
	"depends": {
		"fabricloader": ">=0.15.6",
		"minecraft": "~1.18.2",
		"java": ">=17",
		"fabric-api": "*"
	},
	"suggests": {
		"another-mod": "*"
	}
}